hidden_units,learning_rate,test_accuracy
[64],0.001,0.3333333333333333
[64],0.01,0.3333333333333333
[64],0.1,0.36507936507936506
[128],0.001,0.31746031746031744
[128],0.01,0.31746031746031744
[128],0.1,0.36507936507936506
"[64, 64]",0.001,0.31746031746031744
"[64, 64]",0.01,0.3492063492063492
"[64, 64]",0.1,0.3492063492063492
"[128, 64]",0.001,0.3492063492063492
"[128, 64]",0.01,0.3333333333333333
"[128, 64]",0.1,0.31746031746031744
